,Text,Class
0,"The Impact of Physical Activity on Mental Health","Health"
1,"The Role of Technology in Modern Healthcare","Health"
2,"The Importance of Financial Management in Business","Business"
3,"The Benefits of Teamwork in Sports","Sport"
4,"The Link Between Nutrition and Physical Performance","Health"
5,"Advancements in Artificial Intelligence for Business Applications","Business"
6,"The Role of Coaching in Sports Performance","Sport"
7,"The Connection Between Mental Health and Exercise","Health"
8,"The Impact of Digital Transformation on Business Processes","Business"
9,"The Benefits of Strength Training in Sports","Sport"
10,"The Role of Meditation in Promoting Mental Well-being","Health"
11,"The Importance of Marketing Strategies in Business Success","Business"
12,"The Strategies for Injury Prevention in Sports","Sport"
13,"The Connection Between Sleep and Athletic Performance","Health"
14,"The Impact of E-commerce on Traditional Retail Business","Business"
15,"The Benefits of Yoga for Physical and Mental Health","Health"
16,"The Role of Leadership in Sports Team Dynamics","Sport"
17,"The Link Between Nutrition and Weight Management","Health"
18,"The Importance of Business Ethics in Corporate Decision-Making","Business"
19,"The Strategies for Mental Preparation in Sports","Sport"
20,"The Impact of Stress on Physical and Mental Health","Health"
21,"The Role of Innovation in Business Growth","Business"
22,"The Benefits of Cardiovascular Exercise for Health and Fitness","Sport"
23,"The Connection Between Mental Health and Chronic Illness","Health"
24,"The Impact of Globalization on International Business","Business"
25,"The Strategies for Nutrition and Hydration in Sports Performance","Sport"
26,"The Role of Mindfulness in Stress Management","Health"
27,"The Importance of Effective Communication in Business","Business"
28,"The Benefits of Cross-Training in Sports","Sport"
29,"The Link Between Mental Health and Aging","Health"
30,"The Impact of Technology on Business Productivity","Business"
31,"The Strategies for Mental Toughness in Sports","Sport"
32,"The Connection Between Nutrition and Mental Health","Health"
33,"The Role of Entrepreneurship in Economic Growth","Business"
34,"The Benefits of Flexibility Training for Physical Performance","Sport"
35,"The Impact of Social Media on Mental Health","Health"
36,"The Importance of Strategic Planning in Business","Business"
37,"The Strategies for Injury Rehabilitation in Sports","Sport"
38,"The Link Between Mental Health and Exercise Addiction","Health"
39,"The Role of Emotional Intelligence in Business Leadership","Business"
40,"The Benefits of Sports Psychology in Performance Enhancement","Sport"
41,"The Connection Between Nutrition and Immune Health","Health"
42,"The Impact of Organizational Culture on Business Success","Business"
43,"The Strategies for Recovery and Rest in Sports","Sport"
44,"The Role of Sleep in Cognitive Functioning","Health"
45,"The Importance of Financial Analysis in Business Decision-Making","Business"
46,"The Benefits of Endurance Training for Athletic Performance","Sport"
47,"The Link Between Mental Health and Substance Abuse","Health"
48,"The Impact of Customer Relationship Management on Business Growth","Business"
49,"The Strategies for Mental Skills Training in Sports","Sport"
50,"The Connection Between Nutrition and Heart Health","Health"
51,"The Role of Innovation in Business Sustainability","Business"
52,"The Benefits of Sports Nutrition for Energy and Recovery","Sport"
53,"The Link Between Mental Health and Social Support","Health"
54,"The Impact of Corporate Social Responsibility on Business Reputation","Business"
55,"The Strategies for Goal Setting and Achievement in Sports","Sport"
56,"The Role of Exercise in Managing Anxiety and Depression","Health"
57,"The Importance of Human Resource Management in Business","Business"
58,"The Benefits of Mental Training for Sports Performance","Sport"
59,"The Connection Between Nutrition and Digestive Health","Health"
60,"The Impact of Technology on Business Communication","Business"
61,"The Strategies for Sports Injury Prevention and Management","Sport"
62,"The Link Between Mental Health and Stress Management","Health"
63,"The Role of Marketing Research in Business Decision-Making","Business"
64,"The Benefits of Plyometric Training for Athletic Power","Sport"
65,"The Connection Between Nutrition and Bone Health","Health"
66,"The Impact of Diversity and Inclusion in the Workplace","Business"
67,"The Strategies for Mental Preparation in Competitive Sports","Sport"
68,"The Role of Sleep in Hormonal Balance","Health"
69,"The Importance of Organizational Structure in Business Efficiency","Business"
70,"The Benefits of Agility Training for Sports Performance","Sport"
71,"The Link Between Mental Health and Self-esteem","Health"
72,"The Impact of Supply Chain Management on Business Operations","Business"
73,"The Strategies for Performance Analysis in Sports","Sport"
74,"The Role of Nutrition in Skin Health","Health"
75,"The Importance of Strategic Marketing in Business Growth","Business"
76,"The Benefits of Sports Rehabilitation in Injury Recovery","Sport"
77,"The Connection Between Mental Health and Cognitive Function","Health"
78,"The Impact of Information Technology on Business Innovation","Business"
79,"The Strategies for Sports Team Building and Cohesion","Sport"
80,"The Link Between Nutrition and Eye Health","Health"
81,"The Role of Financial Planning in Business Success","Business"
82,"The Benefits of Mental Imagery in Sports Performance","Sport"
83,"The Connection Between Mental Health and Social Anxiety","Health"
84,"The Impact of Change Management on Business Transformation","Business"
85,"The Strategies for Sports Nutrition for Endurance Athletes","Sport"
86,"The Role of Exercise in Boosting Mood and Mental Well-being","Health"
87,"The Importance of Customer Service in Business Reputation","Business"
88,"The Benefits of Sports Massage for Muscle Recovery","Sport"
89,"The Link Between Mental Health and Workplace Productivity","Health"
90,"The Impact of Digital Marketing on Business Branding","Business"
91,"The Strategies for Mental Preparation in Team Sports","Sport"
92,"The Role of Sleep in Immune System Functioning","Health"
93,"The Connection Between Nutrition and Joint Health","Health"
94,"The Importance of Strategic Human Resource Management in Business","Business"
95,"The Benefits of Sports Performance Testing and Assessment","Sport"
96,"The Link Between Mental Health and Emotional Regulation","Health"
97,"The Impact of Business Analytics on Decision-Making","Business"
98,"The Strategies for Sports Injury Rehabilitation and Return to Play","Sport"
99,"The Role of Nutrition in Mental Health during Pregnancy","Health"
100,"The Importance of Effective Leadership in Business
101,"The Benefits of Sports Sponsorship for Brand Exposure","Business"
102,"The Link Between Mental Health and Work-Life Balance","Health"
103,"The Impact of Social Media Marketing on Business Growth","Business"
104,"The Strategies for Mental Preparation in Individual Sports","Sport"
105,"The Role of Exercise in Improving Sleep Quality","Health"
106,"The Importance of Supply Chain Sustainability in Business","Business"
107,"The Benefits of Sports Participation for Youth Development","Sport"
108,"The Connection Between Mental Health and Postpartum Anxiety","Health"
109,"The Impact of Digital Innovation on Business Competitiveness","Business"
110,"The Strategies for Mental Resilience in Sports","Sport"
111,"The Role of Nutrition in Mental Health during Adolescence","Health"
112,"The Importance of Entrepreneurial Mindset in Business Success","Business"
113,"The Benefits of Sports Leadership for Team Performance","Sport"
114,"The Link Between Mental Health and Workplace Burnout","Health"
115,"The Impact of Data Analytics on Business Decision-Making","Business"
116,"The Strategies for Injury Prevention in Contact Sports","Sport"
117,"The Role of Mindfulness in Managing Chronic Pain","Health"
118,"The Connection Between Mental Health and Body Image in Athletes","Health"
119,"The Importance of Emotional Intelligence in Business Relationships","Business"
120,"The Benefits of Sports Participation for Physical Fitness","Sport"
121,"The Impact of Telehealth on Access to Healthcare","Health"
122,"The Strategies for Mental Preparation in High-Pressure Sports","Sport"
123,"The Role of Exercise in Reducing Stress and Anxiety","Health"
124,"The Importance of Corporate Social Responsibility in Business Ethics","Business"
125,"The Benefits of Sports Diversity and Inclusion","Sport"
126,"The Link Between Mental Health and Athletic Performance","Health"
127,"The Impact of Artificial Intelligence on Business Operations","Business"
128,"The Strategies for Nutrition Periodization in Sports","Sport"
129,"The Role of Sleep in Emotional Regulation","Health"
130,"The Connection Between Mental Health and Workplace Productivity","Health"
131,"The Importance of Digital Marketing in E-commerce","Business"
132,"The Benefits of Sports for Social Bonding and Community Building","Sport"
133,"The Impact of Remote Work on Employee Well-being","Business"
134,"The Strategies for Mental Skills Training in Endurance Sports","Sport"
135,"The Role of Nutrition in Mental Health during Menopause","Health"
136,"The Link Between Mental Health and Job Satisfaction","Health"
137,"The Importance of Corporate Governance in Business Ethics","Business"
138,"The Benefits of Sports for Youth Empowerment","Sport"
139,"The Connection Between Mental Health and Psychological Resilience","Health"
140,"The Impact of Sustainability Practices on Business Profitability","Business"
141,"The Strategies for Recovery and Regeneration in Sports","Sport"
142,"The Role of Exercise in Improving Cognitive Function","Health"
143,"The Importance of Emotional Intelligence in Conflict Resolution","Business"
144,"The Benefits of Sports for Personal Growth and Character Development","Sport"
145,"The Link Between Mental Health and Workplace Well-being Programs","Health"
146,"The Impact of Blockchain Technology on Business Security","Business"
147,"The Strategies for Mental Preparation in Combat Sports","Sport"
148,"The Role of Sleep in Memory Consolidation","Health"
149,"The Connection Between Mental Health and Workplace Engagement","Health"
150,"The Importance of Corporate Branding in Business Success","Business"
151,"The Benefits of Sports for Stress Relief and Mental Well-being","Sport"
152,"The Impact of Technology Adoption on Business Efficiency","Business"
153,"The Strategies for Mental Resilience in Team Sports","Sport"
154,"The Role of Nutrition in Mental Health during Aging","Health"
155,"The Link Between Mental Health and Remote Work Challenges","Health"
156,"The Importance of Financial Management in Small Businesses","Business"
157,"The Benefits of Sports for Confidence Building and Self-esteem","Sport"
158,"The Connection Between Mental Health and Emotional Intelligence","Health"
159,"The Impact of Social Media Influencers on Consumer Behavior","Business"
160,"The Strategies for Mental Skills Training in Individual Sports","Sport"
161,"The Role of Exercise in Enhancing Brain Function","Health"
162,"The Importance of Marketing Research in Business Decision-Making","Business"
163,"The Benefits of Sports for Cultural Diversity and Inclusion","Sport"
164,"The Link Between Mental Health and Workplace Stress","Health"
165,"The Impact of Artificial Intelligence on Business Marketing","Business"
166,"The Strategies for Nutrition for Recovery in Sports","Sport"
167,"The Role of Sleep in Mental Health Recovery","Health"
168,"The Connection Between Mental Health and Team Dynamics","Health"
169,"The Importance of Corporate Social Responsibility in Brand Reputation","Business"
170,"The Benefits of Sports for Goal Setting and Achievement","Sport"
171,"The Impact of E-commerce Platforms on Small Business Growth","Business"
172,"The Strategies for Mental Preparation in Racket Sports","Sport"
173,"The Role of Exercise in Promoting Healthy Aging","Health"
174,"The Link Between Mental Health and Workplace Diversity","Health"
175,"The Importance of Strategic Planning in Small Business Management","Business"
176,"The Benefits of Sports for Motor Skills Development in Children","Sport"
177,"The Connection Between Mental Health and Physical Activity Levels","Health"
178,"The Impact of Technology Integration on Business Innovation","Business"
179,"The Strategies for Mental Resilience in Endurance Sports","Sport"
180,"The Role of Sleep in Immune System Functioning","Health"
181,"The Importance of Customer Relationship Management in Business Growth","Business"
182,"The Benefits of Sports for Team Building and Cooperation","Sport"
183,"The Link Between Mental Health and Workplace Bullying","Health"
184,"The Impact of Digital Transformation on Business Models","Business"
185,"The Strategies for Mental Preparation in Swimming","Sport"
186,"The Role of Exercise in Managing Chronic Conditions","Health"
187,"The Connection Between Mental Health and Loneliness","Health"
188,"The Importance of Innovation in Business Sustainability","Business"
189,"The Benefits of Sports for Leadership Development","Sport"
190,"The Impact of Social Media Advertising on Consumer Behavior","Business"